{"cameraMode":{"drawMode":0,"name":"Shaded","section":"Shading Mode"},"sceneLighting":false,"audioPlay":false,"sceneViewState":{"showFog":true,"showMaterialUpdate":false,"showSkybox":true,"showFlares":true,"showImageEffects":true,"showParticleSystems":true},"in2DMode":false,"pivot":{"x":7.14660120010376,"y":8.20949935913086,"z":-12.16151237487793},"rotation":{"x":0.1285320222377777,"y":0.8127821683883667,"z":-0.5334945321083069,"w":0.19612769782543183},"size":102.34774780273438,"orthographic":false}