{"cameraMode":{"drawMode":0,"name":"Shaded","section":"Shading Mode"},"sceneLighting":true,"audioPlay":false,"sceneViewState":{"showFog":true,"showMaterialUpdate":false,"showSkybox":true,"showFlares":true,"showImageEffects":true,"showParticleSystems":true},"in2DMode":false,"pivot":{"x":323.2458801269531,"y":282.6348571777344,"z":-307.0250549316406},"rotation":{"x":-0.08121511340141297,"y":0.023869676515460016,"z":-0.001772222574800253,"w":-0.9965892434120178},"size":390.73486328125,"orthographic":false}