{"cameraMode":{"drawMode":0,"name":"Shaded","section":"Shading Mode"},"sceneLighting":true,"audioPlay":false,"sceneViewState":{"showFog":true,"showMaterialUpdate":false,"showSkybox":true,"showFlares":true,"showImageEffects":true,"showParticleSystems":true},"in2DMode":false,"pivot":{"x":3.969363212585449,"y":3.28434419631958,"z":-1.949436902999878},"rotation":{"x":-0.2529957592487335,"y":-0.7036092877388,"z":0.30066925287246706,"w":-0.5921528935432434},"size":9.834918975830079,"orthographic":false}