{"cameraMode":{"drawMode":0,"name":"Shaded","section":"Shading Mode"},"sceneLighting":false,"audioPlay":false,"sceneViewState":{"showFog":true,"showMaterialUpdate":false,"showSkybox":true,"showFlares":true,"showImageEffects":true,"showParticleSystems":true},"in2DMode":false,"pivot":{"x":0.9687502384185791,"y":1.249843716621399,"z":0.00001049041748046875},"rotation":{"x":-0.19179993867874146,"y":-0.6557193994522095,"z":0.17740657925605775,"w":-0.708484411239624},"size":5.222444534301758,"orthographic":false}