{"cameraMode":{"drawMode":0,"name":"Shaded","section":"Shading Mode"},"sceneLighting":false,"audioPlay":false,"sceneViewState":{"showFog":true,"showMaterialUpdate":false,"showSkybox":true,"showFlares":true,"showImageEffects":true,"showParticleSystems":true},"in2DMode":false,"pivot":{"x":2.384185791015625e-7,"y":2.13671875,"z":2.999999523162842},"rotation":{"x":-0.07347209751605988,"y":-0.0878792256116867,"z":0.006395052187144756,"w":-0.9934853315353394},"size":12.594403266906739,"orthographic":false}